-- phpMyAdmin SQL Dump
-- version 5.2.0
-- https://www.phpmyadmin.net/
--
-- Хост: 127.0.0.1:3306
-- Время создания: Июн 15 2024 г., 18:40
-- Версия сервера: 8.0.30
-- Версия PHP: 7.2.34

SET SQL_MODE = "NO_AUTO_VALUE_ON_ZERO";
START TRANSACTION;
SET time_zone = "+00:00";


/*!40101 SET @OLD_CHARACTER_SET_CLIENT=@@CHARACTER_SET_CLIENT */;
/*!40101 SET @OLD_CHARACTER_SET_RESULTS=@@CHARACTER_SET_RESULTS */;
/*!40101 SET @OLD_COLLATION_CONNECTION=@@COLLATION_CONNECTION */;
/*!40101 SET NAMES utf8mb4 */;

--
-- База данных: `database`
--

-- --------------------------------------------------------

--
-- Структура таблицы `Roles`
--

CREATE TABLE `Roles` (
  `role_id` char(7) CHARACTER SET cp1251 COLLATE cp1251_general_ci NOT NULL,
  `name` varchar(25) NOT NULL
) ENGINE=InnoDB DEFAULT CHARSET=cp1251;

--
-- Дамп данных таблицы `Roles`
--

INSERT INTO `Roles` (`role_id`, `name`) VALUES
('KhJEgjk', 'Обучающийся'),
('pfCv5LG', 'Администратор'),
('WnzmzM6', 'Преподаватель');

-- --------------------------------------------------------

--
-- Структура таблицы `Statistic`
--

CREATE TABLE `Statistic` (
  `statistic_id` char(7) NOT NULL,
  `user` char(7) CHARACTER SET cp1251 COLLATE cp1251_general_ci NOT NULL,
  `theme` char(7) NOT NULL,
  `date` date NOT NULL,
  `author` char(7) NOT NULL,
  `note` varchar(120) DEFAULT NULL,
  `score` tinyint NOT NULL
) ENGINE=InnoDB DEFAULT CHARSET=cp1251;

--
-- Дамп данных таблицы `Statistic`
--

INSERT INTO `Statistic` (`statistic_id`, `user`, `theme`, `date`, `author`, `note`, `score`) VALUES
('09RdOVD', 'rOMxG5b', '0U8zq3K', '2024-06-15', 'NGInEUe', 'Отсутствует закрывающий тег script', 4),
('4i7TpfS', 'y6udlWM', 'zetFZ1s', '2024-06-01', 'NGInEUe', '', 4),
('7lWS5Kt', 'MArOyEO', '0U8zq3K', '2024-06-15', 'NGInEUe', '', 4),
('eUAN5Wx', 'y6udlWM', 'HITpIp4', '2024-06-05', 'NGInEUe', 'Задание не выполнено', 1),
('gonf10j', 'y6udlWM', '0U8zq3K', '2024-05-05', 'NGInEUe', 'Задание выполнено верно', 5),
('KzvLpHJ', 'M9dVtd1', 'zetFZ1s', '2024-06-11', 'NGInEUe', '', 5),
('LK3lAxa', '5MZvBBE', 'Mv1O79w', '2024-05-22', 'NGInEUe', 'Есть ошибки в задании с title', 3),
('mtchWxo', '5MZvBBE', '2lcfTs2', '2024-06-03', 'NGInEUe', 'В решении второго задания есть недочеты', 4),
('ojQtVQb', 'Gn9Azzd', 'Mv1O79w', '2024-06-06', 'NGInEUe', '', 5),
('PaBhrrF', 'z66fEvu', '0U8zq3K', '2024-06-14', 'NGInEUe', 'Во втором задании есть недочеты', 4),
('SuKMchp', 'y6udlWM', 'Mv1O79w', '2024-04-04', 'NGInEUe', 'Задание выполнено неверно!', 2),
('tbiMdNH', 'EaGt80u', '2lcfTs2', '2024-06-12', 'NGInEUe', 'Второе задание выполнено неверно!', 3),
('V2vkgcl', 'M9dVtd1', '0U8zq3K', '2024-06-15', 'NGInEUe', 'Отсутствует второе задание', 3),
('Xlh0KwN', 'Gn9Azzd', '0U8zq3K', '2024-05-08', 'NGInEUe', 'Есть недочеты во второй части задания', 4),
('YqYfF18', 'y6udlWM', '2lcfTs2', '2024-06-03', 'NGInEUe', 'Есть много недочетов! Изучите тему получше', 3);

-- --------------------------------------------------------

--
-- Структура таблицы `Themes`
--

CREATE TABLE `Themes` (
  `theme_id` char(7) CHARACTER SET cp1251 COLLATE cp1251_general_ci NOT NULL,
  `title` varchar(30) NOT NULL,
  `description` varchar(110) NOT NULL,
  `theory` text NOT NULL,
  `task` text CHARACTER SET cp1251 COLLATE cp1251_general_ci NOT NULL,
  `author` char(7) CHARACTER SET cp1251 COLLATE cp1251_general_ci NOT NULL
) ENGINE=InnoDB DEFAULT CHARSET=cp1251;

--
-- Дамп данных таблицы `Themes`
--

INSERT INTO `Themes` (`theme_id`, `title`, `description`, `theory`, `task`, `author`) VALUES
('0U8zq3K', 'Тег <script>', 'HTML тег, который позволяет встраивать скрипты в разметку.', '<p class=\"ql-align-justify\">Программы на <strong style=\"color: rgb(0, 102, 204);\">JavaScript </strong>могут быть вставлены в любое место HTML-документа с помощью тега <strong style=\"color: rgb(230, 0, 0);\">&lt;script&gt;</strong>.</p><p class=\"ql-align-justify\"><u>Пример:</u></p><pre data-language=\"plain\">\n&lt;!DOCTYPE HTML&gt;\n&lt;html&gt;\n&lt;body&gt;\n  &lt;p&gt;Перед скриптом...&lt;/p&gt;\n  &lt;script&gt;\n    alert( &#39;Привет, мир!&#39; );\n  &lt;/script&gt;\n  &lt;p&gt;...После скрипта.&lt;/p&gt;\n&lt;/body&gt;\n&lt;/html&gt;\n</pre><p class=\"ql-align-justify\">Тег <strong style=\"color: rgb(230, 0, 0);\">&lt;script&gt;</strong> содержит JavaScript-код, который автоматически выполнится, когда браузер его обработает.</p><h2 class=\"ql-align-justify\">Современная разметка</h2><p class=\"ql-align-justify\">Тег<strong style=\"color: rgb(230, 0, 0);\"> &lt;script&gt;</strong> имеет несколько атрибутов, которые редко используются, но всё ещё могут встретиться в старом коде:</p><p class=\"ql-align-justify\"><strong>Атрибут type: &lt;script type=…&gt;</strong></p><p class=\"ql-align-justify\">Старый стандарт HTML, HTML4, требовал наличия этого атрибута в теге <strong style=\"color: rgb(230, 0, 0);\">&lt;script&gt;</strong>. Обычно он имел значение <span style=\"color: rgb(102, 185, 102);\">type=&quot;text/javascript&quot;</span>. На текущий момент этого больше не требуется. Более того, в современном стандарте HTML смысл этого атрибута полностью изменился. Теперь он может использоваться для JavaScript-модулей. Но это тема не для начального уровня, и о ней мы поговорим в другой части учебника</p><p class=\"ql-align-justify\"><img src=\"https://storage.googleapis.com/dycr-web/image/topic/js/intro-code.png\"></p><p class=\"ql-align-justify\"><strong>Атрибут language: &lt;script language=…&gt;</strong></p><p class=\"ql-align-justify\">Этот атрибут должен был задавать язык, на котором написан скрипт. Но так как <strong style=\"color: rgb(255, 255, 102);\">JavaScript </strong>является языком по умолчанию, в этом атрибуте уже нет необходимости.</p><p class=\"ql-align-justify\"><strong>Обёртывание скрипта в HTML-комментарии.</strong></p><p class=\"ql-align-justify\">В очень древних книгах и руководствах вы сможете найти комментарии внутри тега<strong style=\"color: rgb(230, 0, 0);\"> &lt;script&gt;</strong>, <u>например</u>, такие:</p><pre data-language=\"plain\">\n&lt;script type=&quot;text/javascript&quot;&gt;\n    ...\n&lt;/script&gt;\n</pre><h2 class=\"ql-align-justify\"><u>Внешние скрипты</u></h2><p class=\"ql-align-justify\">Если у вас много JavaScript-кода, вы можете поместить его в отдельный файл.</p><p class=\"ql-align-justify\">Файл скрипта можно подключить к HTML с помощью атрибута src:</p><pre data-language=\"plain\">\n&lt;script src=&quot;/path/to/script.js&quot;&gt;&lt;/script&gt;\n</pre><p class=\"ql-align-justify\">Здесь <span style=\"color: rgb(153, 51, 255);\">/path/to/script.js</span> – это абсолютный путь от корневой папки до необходимого файла. Корневой папкой может быть корень диска или корень сайта, в зависимости от условий работы сайта. Также можно указать относительный путь от текущей страницы. Например, src=&quot;script.js&quot; или src=&quot;./script.js&quot; будет означать, что файл &quot;script.js&quot; находится в текущей папке.</p><p class=\"ql-align-justify\">Можно указать и полный URL-адрес. <strong>Например:</strong></p><pre data-language=\"plain\">\n&lt;script src=&quot;https://cdnjs.cloudflare.com/ajax/libs/lodash.js/3.2.0/lodash.js&quot;&gt;&lt;/script&gt;\n</pre><h2 class=\"ql-align-justify\">Итого</h2><ul><li>Для добавления кода JavaScript на страницу используется тег <strong style=\"color: rgb(230, 0, 0);\">&lt;script&gt;</strong></li><li>Атрибуты <strong style=\"color: rgb(255, 194, 102);\">type </strong>и <strong style=\"color: rgb(255, 194, 102);\">language </strong>необязательны.</li><li>Скрипт во внешнем файле можно вставить с помощью <strong style=\"color: rgb(102, 185, 102);\">&lt;script src=&quot;path/to/script.js&quot;&gt;&lt;/script&gt;</strong>.</li></ul><p class=\"ql-align-justify\">Это базовые вещи, которые необходимо понимать про тег <strong style=\"color: rgb(230, 0, 0);\">&lt;script&gt;</strong>. Нам ещё многое предстоит изучить про браузерные скрипты и их взаимодействие со страницей.</p><p class=\"ql-align-justify\"><strong style=\"color: rgb(153, 51, 255);\"><a href=\"https://learn.javascript.ru/hello-world\" rel=\"noopener noreferrer\" target=\"_blank\">Источник</a></strong></p>', '<ol><li>Вызвать alert<ul><li>Создайте страницу, которая отобразит сообщение <span style=\"color: rgb(0, 138, 0);\">«Я JavaScript!»</span>.</li><li>Выполните это задание в песочнице, либо на вашем жёстком диске, где – неважно, главное – проверьте, что она работает.</li></ul></li><li>Покажите сообщение с помощью внешнего скрипта<ul><li>Возьмите решение предыдущей задачи <strong style=\"color: rgb(255, 153, 0);\">Вызвать alert</strong>, и измените его. Извлеките содержимое скрипта во внешний файл <u style=\"color: rgb(102, 163, 224);\">alert.js</u>, лежащий в той же папке.</li><li>Откройте страницу, убедитесь, что оповещение работает.</li></ul></li><li>Пришлите в ответе <u>то как внешний скрипт </u><u style=\"color: rgb(102, 163, 224);\">alert.js </u><u> был подключен в HTML разметке</u> и <u>код самого внешнего скрипта</u>!</li></ol><p><strong>Демо к первому пункту:</strong></p><p><img src=\"data:image/png;base64,iVBORw0KGgoAAAANSUhEUgAAAj4AAAC/CAYAAAD+Qdb4AAAAAXNSR0IArs4c6QAAAARnQU1BAACxjwv8YQUAAAAJcEhZcwAADsMAAA7DAcdvqGQAABhRSURBVHhe7d0/bBvJ2cfxh5KKXP4hhRGQl0atC1fngqqs6uziBaSS7OTOhbtrRLg2qCadC3dWJ5ZWpwsQQAaCExOccpeocJEULIIjERhJkEtyjSS+88zuLIe7w3+ibO9yv5/DHpe7S3JIrrg/PjNLVy4uLoZiDIf2wl7OmnfS653QMie0DAAAlFOlUonnRtwyf52/LH0bf9m0eXupwccPKm4KXVeh9W7e8eed0HYAAKDc0sHE5y/ztwvNK3c9vX7s+p///GebRDSQhCa3zl1OWqfSy/x1TmgZAAAoJxdKfH5Q8S+Vv8yf3DJ3GZrsuj/96U8mi4wHmevrazuvdN6t97dx0utUejt/HQAAQEgSTlKXyoWX9DJ36aa1tTW7TOl8Zptvv/3W5JJReHEhxc274OOWuUs3ha77/G38SwAAAD+Y+Je+JLR426Svu0sXdvxlY9M333xjssgouGjQ+e677+Rf//qXXF5ejgUWN7nr7tLNq9D8pPUAAKDcXEBRbj60TNngktrGLfOvb2xsyC9+8Qv59NNPx4KQnf74xz+aLDIKL3/729/k5z//udTrdfnkk0/sMgAAgKL44YcfpNvtyvfffy+/+tWv7DIXfNZc6NFJqz3//Oc/CT0AAKCwNMNolvnHP/6RGaucCT7avUXoAQAARaZZRjNNJvjoShd63EIAAICic7nGZRy1plfSaQgAAKDo/Gzj8k6mq0svAQAAis7PNm6yFZ/0CgAAgKJzucbPOpmKj04AAABF53KNn3WSwc3+BAAAUHShfENXFwAAWEku1/hZx3Z16Yy/AQAAQNH5ucaFH87qAgAAK8nPNm6ywUf5KwAAAIrO5Rq/Z2us4uMmAACAogtlnMxZXQAAAKsinXE4nR0AAKykUL5JurqUPw8AAFBkoYzDGB8AALCSQhmH4AMAAFZSKOMkp7O7BQAAAKvCzzd6yRgfAACwkkIZx57VpfwVAAAARRfKNmNjfAAAAFaNn3Xsv85+eXkpV1dXySUAAEDR+dlGLzXzJF1dAAAAq47gAwAASoPgAwAASoPgAwAASoPgAwAASoPgAwAASoPgAwAASiOXwWfQ2ZVKpSKV3Y4M4mVZA+nsmm3MdgfdeBGQK24fPZBkF+0e2H12tzN5zy6i7gF/iwCKIZfBp9p4KUc7Zua4KYeTPkgHp9I5NpftM9mvR4uAfKnKdkN35Jacxvtx97Rl/r8jje1qtGAlDKTnnl9vtQIdgNWT066uqjT223audRCu+nQPm2JzzzapB/lVbbyWvknxra2oIrJlck/77LU0Vin36N/r6+in4F+v1hMDsILyO8anvjel6tOV6IvzkeyRe5BzGn78fyeGCiUAfDw5HtzsVX1cP4HTPRWbexrbZiu7QA50TFBgmjiWIh5rMZp2JbhpZjtvCo5BGo09mrZdMo7JTJPGRbhxE2NjRKzAYyRT6HkEts88aPwahhoTGJcStT/8mrl2Z1/7edox2ej1cFP6dZm8H7hp1sNlHyN7G/+9c1PmuQ46shtartw+lewXi7Q79N5P2Hd9cXvc/UTPM3794nXT3vtZr1t4f7hhW2PTXufRuvQ+MHoPZ7UZQDnlOPgYrurTOvA+LM2H6YHGnrbsz1FWP27WMgcf+8GofQ5jjqVZW/LD0h5AatLUPjjfcVNqUz7wM8HOiqtay5rUptbWjMHjN2Qez749aUu1IwoGmbfMxN+tWzvATXoMbeLo4Kr7Ti3zJML7WZjbf29C2xh4De2+O1+g6Pa6NoyEnuftmtLWJ7Pe7ygwhV/nJ/Z5ui5E3QcO/Cdugpo+t52jPpU1AEH5Dj5J1cd8WLr+rmRQ87ZkPtfaZ2NdCsOzqGJ03OvZSyv+YNTgdOZv2z8S+zHqHeTUwI7a3JGjvrft8MzcOs18WD+Jxh2l2xF9QIc+8HdkJxPsIoPOgflIj9dPsnMkfe9x4qfrGbVJDwR+m+y2JpA9metgPS/vNRizXDu6B1u2wpd+vu79Hb1nddlP1vej0Jx6n8MHQz3Qxo+R3ofMNP66pvYbO0X7w3HzcGzfCRl0ngTCwALtDrQveh28v5Epjptb5vHdfe9n/4ZuSbT/Zt9vnc4a0TaTdA/iwJR+v83UPxq12J0E4cKQDVtR6pGXjDUCMEHOg49R345CRhwOokHNJogsMLhnZ3MznjO3j8+qOeqnPvSrDXlpjzhdudGJKS6Q6Yd16uiq307dAT59bGo0ooNW59R/0K4c6id/e3+5b63emW/pQaf1/fhg7YfCJUUHdfPankUhMrFUO1zlyxysXzfirs1YfT/8rX9RXvuGgRe8vj/aV/z5kbps2510hkFHnpj3defoLA43izIBKbRDuL+Redgw8f4CT1p9MxtA6o3U+zhmNH6vn36/jWpj3xsYbr4YvdR9LfpS0bEB2ex/L6fdP4Cyy3/wMR/Re/YooeGgE38oNiR4NrB2m9h+/3jSb39jB1t32q35oKx528VTVFo/luwxuC6Bz+9x5kZ669G4o3H1+MiYOd13O+rOG6sWxGOYlj5jLW5T5nWxU1zh6PbMq+IJbTtPv0hyUH8pjVHOjNykHc6gF70uoQqfUd1u2JC1VIBz750XkKcJjT2Z/RLFVS9bjZjvccK0OjX+2MlrOIdJ++dtc++LO5stNBYnyL3f9c352mm+sERF4aY0zYtg978P8QQBFFYBgk/0LS/6bGtGgWB/gW90Y91IPenZI/D8enPeIOoS08/rCS0zB9Xwl/z0b72YA5uOATEHyMlFrfh5zDg4uDa9f/5BPduipdoxK5RUN5euXsx87zyTxvjMklTDlqpGTBo3k0MmkLwe6yOMxmNpCJo6FmrBEKrqe67CuGq/jwTgfShE8DEfbXHVR7VlYiEkPf7Bjtvxx9Zsyqa9m9A4jdE06k2IK0Q75nbRgomqm9GNJv6Am6t6BLhgZ3+zqHtoD2xTw537VjyDa1NonEUypbsT0q+hTuODXDJmHdRv1A4nDowTKzpzvhbTzHzvnGTgdnb/mfoS+dWwJY7LbtxM9j0KjTnLgfq+10Y3dkm/wNQmD0if9X5nxKHbzofG0QHAuIIEH//guTf/N/zqtthiynFPoo/RqkR3M/ol3enmq6xY7gO7cxr84I3GFk2qKsRjRI7NATI+Y21qL9e834pntOlW9OY4qC/TDlfRaZ0GA87gtDPfazGNa9+sg6173TP74LQz8HpTq2GLiKqPJmCmS4Fx1+j74Pbb5cU/chgnxIkh073fk7o+U5LQ3R8NlJ9jjDeAEitG8NFToe0givlOYU+4QaseN9amtRU6/VfHT4zGIrgzq+YaSJ2ErKbUUl9ntXvENn9K91VUrj+WY9PeWeFueojyTGmT1T2Y8xTsScw37K05DupLtcMNHG7JVuq0dx1rE3U7LbhfpLn26RikQPu6B/E+EQxw2v00eYxNdBbVsl1ckU1brkwNhNff2ZlnDNY8UuEy2W9vwI6DCr2WM/dd9yXA7CvB37/yuq5TlTQ3UD59ZiYA+PIdfPRDXccF1KJSdvtsxtko6cGz8e3GgkR9P+6WCA1wduMnogGkbrBzdrv4QKcfzuZ69PnuzjAxUu2IDh4zDn7u4Dv1IK4H2dkhamRym+x0KwfMeQ7qy7XDHdDc6+1u58bazNwvZprevqR5foBL1uu+0Ja2bWDYbQ24TQZyN2uj9mnjzINPefjZkn1vNA4net7mvT3K3rP9HSyzfmZonvhajiqaofua9H7rVGu6SOO6uPy/l7rs2z9u8zxCARsAjIJ0dZkP4P7Nfupfx5VkT6EeJr/bM8aEiaVO9dUBncPAeA97v7P+faa4K2Cux1+ggjCpTUb7bPl/W2nug/pS7Yh+5yY6dd0XjbVZ6pR/Z2L7dN9z74m+R6nxNPE+s2erMYGfQphVDVtEZsCw3n1fhvt70di1ObuHsvR5jcbgRPR5m312O6pyjYz+QdJpXYP2n+mY+Tc26b4mvd+6r+jfkX4xib6kZEJv8qOnJnQRfgAEVE5OToaXl5dyfX0tV1dX8vbtW2m1bqMSUGTxB6uEf0skEXcz6IH7Vg6+QEFF3Y4ShaVbynkAsKx2uy13796V9fV1WVtbk42NjeIMbgaQL4NBMthGTtOD6QAgpwg+08w6myse7AqU0umTeOyNGxs3xw99AsBHRvAJisfbzOq/iseF0M2FMnI/MRHxx0IBQH4RfADczNgPFDK2B0AxEHwAAEBpEHwAAEBpEHwAAEBpEHwAAEBpEHwAAEBpEHwAAEBpEHwAAEBpEHwAAEBpEHwAAEBpEHwAAEBpEHwAAEBpEHwAAEBpEHwAAEBpEHwAAEBpEHwAAEBpEHwAAEBpEHwAAEBpEHwAAEBpEHwAAEBpEHwAAEBpEHwAAEBpEHwAAEBpEHwAAEBp5Dv4dA+kUqlkpt3OIN4gpCsHZpuDbnz1vRtIZ3fRNs4w6MjubTwHez+7skxTAABYJbkNPoPOrlS2WtI+G8pw6KYzacfr80FDT02a9TOvjTr1pSG9eJsb6PXk2Fx0e/Mnlu6BCVzppFTdlHo8CwAAcht8BnLaMYf+9pns5/nIPTiVzvGOHO2lG1mVRmOJhtf3bYB63ajGCwAAwG0owRifqOsr2A1lu9ICXUHeclt5Grv9gbnHRWW7w1wbkkrNWPeW310X3Vbn7bbuPnY7Zk1E27jVMjOtrXj9TdoIAMDqy2nwqcp2Y8ccyA+WH5/S7clm3+uG6h+JNJ9E91vfk6OdY+mcjj9I99SkiPa+NKoDOZWo+uKms3ZLtlyXUnVbGub2zdq0cTQaYrLdYS+349XKBK3dJyIvzfJJFa7WVkVOt93t+3IkTanF4afaeG3aZWba7jH26eICACAgtxUfPZgP+w3p1LwqR2VLtLCxkHrDBJh4XtlxL8c6jEav2IB13DlNqicaVGzu2dbokO2y2tw0gcyEqWh7s/61CSE2/Iza6XKRGnQOTJvbcpZKNNWq36iGvHzdMPc2xVi3n3ncl0eyc9yUQ0o7AADMLd9dXbaiYi53jqRvKxk3G9w81kWUCk/V7YYJEB1Jij7dUxtUbO5RcReUu32tqcOOfRp+XCUmap9WZ1xXVK+nY5W2p1dg6pvTQ48RBTFP/NosMgAaAICyy3XwGXSeSFMHD7+cUQ2ZQkPPVtcFp0B4irurXHdX1M0VBxUNPbWm1L0zy/pHmsQmqcu+bqf9Tn6YAgAAuZDj4NOVQ62u2LE28aKFDaTXFdlpbI+C06CXGvjrd3f53VyGPa3cq/4YtoIzy+ammHu03WnjXWM31zpN9WnZM8q0WDTtxdEg9nqJ1w8AgNWS2+DTPdAuqezYmJnGgk1VNs3Nj6MBPcZAOk+a9jdyfEl3lwk/Y91cNsB0JelN6h5EZ085evaXd3ZVJH6MnSPRs9yrjX1pHzflSWr0c7e74OCc1pY3dmj8MVQwYNmz027hhxABAFgRuQw+tntKKy9n85+dlIzjqZlA4A0Eru+fSTs5zbsmvX0djKwZwYsI7uysptfNpaoNeakngbmByweb0rfdWL3o5wnr+3JWb0rN3reb4jO4ksHKWnXpS6NT87YxYaS3adfOa+eoL9un3mPIkfS9AdEuYNm2pMIY44AAAIhUTk5OhpeXl3J9fS1XV1fy9u1babX8sgY+Lv0dn5p0Gn1+0BAAgAW02225e/eurK+vy9rammxsbOT8rC4AAIBbRPABAAClQfDJveh3gujmAgBgeQQfAABQGgQfAABQGgQfAABQGgQfAABQGgQfAABQGgQfAABQGgQfAABQGgQfAABQGgQfAABQGgQfAABQGgQfAABQGgQfAABQGgQfAABQGgQfAABQGgQfAABQGgQfAABQGgQfAABQGgQfAABQGgQfAABQGgQfAABQGgQfAABQGgQfAABQGgQfAABQGgQfAABQGgQfAABQGgQfAABQGgQfAEBuVSoVOT8/57KAl3/961/jdzFfKicnJ8PLy0u5vr6Wq6srefv2rbRarXg1AAAfjx5EUUz379+X4XAYX/s42u223L17V9bX12VtbU02Njao+AAA8ksPniimr7/+Op7LF4IPACC38nrwxGx5Da0EHwBAblHxKS4qPgAALIiKT3FR8QEAYEFUfIqLig8AAAui4lNcVHwAAFgQFZ/iouIDAMCCqPgUFxUfAAAW9CEPnheH9+3j+dMXX76L12JRVHwAAFjQhzt4Xsi5vLKPN5peyb1nj+T+4UW8DRbxIUPrIgg+AIDc+nAHz3uyt3cvnnfuyf89f2Ay0XdC3WdxVHwAAFhQLg6eb/rSj2ffffnFWFfY/fuHMqoHXcihWeYXiNz20TJd/4V8+e6dfPmFdx9jFaXsfSTefSlf2NuH2jF+X7bbLngnH462J48IPgCA3PqoB08TNNrP3sjTV3sS1YLeybnseV1hX8urpy/k8YSAoeHk0bN78spsNyomvZFnj9oirVF32tMXjxcOKXce/jq6/clzeWD+e34S31+mavXxaHvyiOADAMitD37wvDgcVU8e/UY+N4FilCXuyMOH48GiVpvQFWbuJwo9LjSNPHjekod34ivaxfbqqciLQ1vJWSVUfAAAWNAHP3je8ys6LZG2hiCvO8t2N8XByEyPnr2JV4y8eGzWPb6Q5yfZ0GNij3z+WZJ6Ivc+k6fyRvquP82w9+Ee56ZdVlpJ8tr6oXu+qPgAALCgj3vwvCMPW9qV9ELONTRo6Hn0TO69csHoaznRwc8pT836k+cizx75438Wo/cRPUbUFXaj0+qfjs5S03a+eHzz9tyEhq08IvgAAHIrHwfPB1KrmYt+X97IU/nMK+P0+9mKj7rzsCXPH4TG/7yR35ynQszFuYlW8WNk3JPPnur4aq8cdAN3PvvcPMKFfPcBu9M0cOURwQcAkFsf7OCp1ZxMSLmQw0fP5M2Dz8X2TplkMhYeLg7l8Yt4PiOuFr14nOlievOs7Y3nMY+hd/J0zxv347uQc7P6QTgVze3d+W9M5LonnwYf4/2g4gMAwII+2MHzzkPZk/ExMffvP5YX2l3064cmxkTbmCwjzx7F6w9rcqIDk73T3cfY7bWLafwXoJ++cmOHvMdInY01GuMTrf91OBVN543xMfltwpij9yevFZ/KycnJ8PLyUq6vr+Xq6krevn0rrZZ5UwAA+MjOz8/juVWgv9HzWOSVf6bY6tLANRwO42sfR7vdlrt378r6+rqsra3JxsYGFR8AQH7pwRPFxBgfAAAWlNeDJ2bLa2gl+AAAcmu1Kj73ZM8EuTJ0cykqPgAALIiKT3FR8QEAYEGM8SkuKj4AACyIik9xUfEBAGBBVHyKi4oPAAALouJTXFR8AABYEBWf4qLiAwDAgv7yl78k4YfLYl7mDf9kBQAAWEn8kxUAAKDUCD4AAKA0CD4AAKA0CD4AAKA0CD4AAKA0CD4AAKA0CD4AAKA0CD4AAKA0xoLPcDiM5wAAAIovnW3Ggk+lUonnAAAAii+dbWzwIfAAAIBV5rJOUvEh/AAAgFXkZ5zM4GYCEAAAWAWhTLOmC90KQg8AAFglfsbRiYoPAABYSaFMQ8UHAACsLD/j6MTgZgAAsNL8jDN2OrtLQwAAAEXn5xp3OVbxIfQAAIBVks43yRgfQg8AAFhFftbJjPEhAAEAgFUQyjaZs7r8lQAAAEUVyjg2+PgLAAAAVoWfb/RybIyPmwAAAIoulHEIPgAAYCWFMg6/4wMAAFaSn2vcPBUfAACwkkL5Jqn4+AsBAABWQTrjUPEBAAArKZRxktPZ19bW7IL19XX53//+Z5cBAAAUkWYZzTQ27JiMo5Lg4yZd8aMf/Uh++9vfEn4AAEAh/fe//7VZRjONK+wk0+9+97uhIVdXV6KXg8FA/vOf/9jgc319nUy6zk3p6zopf7lKXyp9HAAAAKVVGUeDSfpSJ79i40/pUKPX3fTjH/9YfvrTn0q1WrXrXPWn8tVXXw39gPP3v/89CUFuWXren/xlyl/nT44/DwAAyk3DiOMCTHry16XDjlvmlvvzGnZ++ctfJsvscg0+GkZcsPn3v/89Vu1xwcXNu+XKrUtv47jlbl5R8QEAAI6r+GhQcZduXrkw45b765Mwk9rGLf/JT34iP/vZz8a2q5ydnZlMMgotGky+//57+eGHH8YqP+5Spa/r/KQpzd0GAABAA0maCzChSbkQ427rX9dLDVOffPKJDT2ui8utq/z+97+3XV0aUtylq8rodTe5IONvq/zl/vVJ8247AACAJJCYSU2aT2+XDjtu3k0qHXrs5R/+8Ick+Lhgkr701/uTv1z569LLHH8eAACUmwYSxwUYfz60zAWZ9ORCj5v3L6P5Nfl/+vp0+sy14i4AAAAASUVORK5CYII=\"></p>', 'NGInEUe'),
('2lcfTs2', 'Таблицы', 'Как устроены таблицы в HTML и как их правильно верстать', '<h2>Кратко</h2><p>Иногда для простоты восприятия контент нужно оформить в виде таблицы.</p><p>Таблица состоит из строк и столбцов и предназначена для структурирования данных. Часто в таблицах размещают однотипные данные. Пример таблицы из школьных лет — классный журнал. Каждая строка это ученик. Колонки — даты. Напротив каждой фамилии можно проставить оценку за урок, прошедший в конкретную дату.</p><p>В <strong style=\"color: rgb(0, 138, 0);\">HTML </strong>для создания таблиц существует набор семантических тегов:</p><ul><li>&lt;table&gt;</li><li>&lt;thead&gt;</li><li>&lt;tbody&gt;</li><li>&lt;tfoot&gt;</li><li>&lt;th&gt;</li><li>&lt;tr&gt;</li><li>&lt;td&gt;</li></ul><h2>Пример</h2><p>Создадим таблицу с первыми тремя местами в топ-250 лучших фильмов:</p><pre data-language=\"plain\">\n&lt;table&gt;\n  &lt;thead&gt;\n    &lt;tr&gt;\n      &lt;th&gt;Место&lt;/th&gt;\n      &lt;th&gt;Оценка&lt;/th&gt;\n      &lt;th&gt;Название фильма&lt;/th&gt;\n      &lt;th&gt;Год выхода&lt;/th&gt;\n    &lt;/tr&gt;\n  &lt;/thead&gt;\n  &lt;tbody&gt;\n    &lt;tr&gt;\n      &lt;td&gt;1&lt;/td&gt;\n      &lt;td&gt;9.1&lt;/td&gt;\n      &lt;td&gt;Зелёная миля&lt;/td&gt;\n      &lt;td&gt;1999&lt;/td&gt;\n    &lt;/tr&gt;\n    &lt;tr&gt;\n      &lt;td&gt;2&lt;/td&gt;\n      &lt;td&gt;9.1&lt;/td&gt;\n      &lt;td&gt;Побег из Шоушенка&lt;/td&gt;\n      &lt;td&gt;1994&lt;/td&gt;\n    &lt;/tr&gt;\n    &lt;tr&gt;\n      &lt;td&gt;3&lt;/td&gt;\n      &lt;td&gt;8.6&lt;/td&gt;\n      &lt;td&gt;Властелин колец: Возвращение Короля&lt;/td&gt;\n      &lt;td&gt;2003&lt;/td&gt;\n    &lt;/tr&gt;\n  &lt;/tbody&gt;\n&lt;/table&gt;\n</pre><h2>Структурные теги</h2><p>Будем создавать таблицу вместе и по ходу дела разбираться с нужными тегами и атрибутами.</p><pre data-language=\"plain\">\n&lt;table&gt;\n</pre><p><u>Самый важный тег для создания таблицы</u> — это <strong style=\"color: rgb(255, 153, 0);\">&lt;table&gt;</strong>. С него всё начинается. Им всё заканчивается. Встречая этот тег в разметке, браузер понимает, что дальше будет таблица.</p><p>Это парный тег, внутри которого мы дальше разметим строки и ячейки. А пока просто создадим нашу таблицу.</p><pre data-language=\"plain\">\n&lt;table&gt;\n\n&lt;/table&gt;\n</pre><h2>&lt;tr&gt;</h2><p>Любая таблица в первую очередь состоит из строк. Чтобы в таблице появились строки, используйте парный тег<strong style=\"color: rgb(255, 153, 0);\"> &lt;tr&gt;</strong>. Сколько нужно строк — столько раз нужно написать &lt;tr&gt; внутри &lt;table&gt;.</p><p>Пока добавим три строчки в таблицу:</p><pre data-language=\"plain\">\n&lt;table&gt;\n  &lt;tr&gt;  &lt;/tr&gt;\n  &lt;tr&gt;  &lt;/tr&gt;\n  &lt;tr&gt;  &lt;/tr&gt;\n&lt;/table&gt;\n</pre><h2>&lt;td&gt;</h2><p>Все теги до этого только создавали структуру, но данных мы пока никуда не добавляли. Чтобы создать ячейку под данные, нужен парный тег<strong style=\"color: rgb(153, 51, 255);\"> &lt;td&gt;</strong>. Пишем столько &lt;td&gt; внутри<strong style=\"color: rgb(153, 51, 255);\"> &lt;tr&gt;</strong>, сколько нужно ячеек таблицы.</p><p>Ячейки формируют из себя столбцы. В <strong style=\"color: rgb(255, 255, 0);\">HTML </strong>нет специального тега для столбцов.</p><p>Ячейки теоретически могут существовать и без <strong style=\"color: rgb(153, 51, 255);\">&lt;tr&gt;</strong>. Они будут выстраиваться в строку. Чтобы новые ячейки встали в новую строку, мы как раз и используем<strong style=\"color: rgb(153, 51, 255);\"> &lt;tr&gt;.</strong></p><pre data-language=\"plain\">\n&lt;table&gt;\n  &lt;tr&gt;\n    &lt;td&gt;iPhone 12 Pro&lt;/td&gt;\n    &lt;td&gt;$999&lt;/td&gt;\n  &lt;/tr&gt;\n  &lt;tr&gt;\n    &lt;td&gt;iPhone 12&lt;/td&gt;\n    &lt;td&gt;$799&lt;/td&gt;\n  &lt;/tr&gt;\n  &lt;tr&gt;\n    &lt;td&gt;iPhone 12 mini&lt;/td&gt;\n    &lt;td&gt;$699&lt;/td&gt;\n  &lt;/tr&gt;\n&lt;/table&gt;\n</pre><h2>Еще пример:</h2><pre data-language=\"plain\">\n&lt;table&gt;\n    &lt;tr&gt;\n        &lt;td&gt;Название&lt;/td&gt;\n        &lt;td&gt;Оригинальное название&lt;/td&gt;\n        &lt;td&gt;Год&lt;/td&gt;\n    &lt;/tr&gt;\n    &lt;tr&gt;\n        &lt;td&gt;Человек-паук: Возвращение домой&lt;/td&gt;\n        &lt;td&gt;Spider-Man: Homecoming&lt;/td&gt;\n        &lt;td&gt;2017&lt;/td&gt;\n    &lt;/tr&gt;\n    &lt;tr&gt;\n        &lt;td&gt;Человек-паук: Вдали от дома&lt;/td&gt;\n        &lt;td&gt;Spider-Man: Far From Home&lt;/td&gt;\n        &lt;td&gt;2019&lt;/td&gt;\n    &lt;/tr&gt;\n    &lt;tr&gt;\n        &lt;td&gt;Человек-паук: Нет пути домой&lt;/td&gt;\n        &lt;td&gt;Spider-Man: No Way Home&lt;/td&gt;\n        &lt;td&gt;2021&lt;/td&gt;\n    &lt;/tr&gt;\n&lt;/table&gt;\n</pre><p><img src=\"https://skillbox.ru/upload/setka_images/15140602022024_5c20dcbcfbab07ab6c2df7e27444d5ac2afca569.png\"></p>', '<p><strong>Задача по HTML : создание HTML таблиц и работа с ними</strong></p><p>Выполните все пункты задания и сравните с результатом. Для поиска неизвестных вам тегов и свойств используйте поиск справочника.</p><ul><li>Создайте папку в удобном для вас месте на вашем компьютере</li><li>В этой папке создайте новый HTML документ - index.html</li><li>В<span style=\"color: rgb(255, 153, 0);\"> index.html </span>создайте <strong style=\"color: rgb(230, 0, 0);\">HTML </strong>скелет документа</li><li>Создайте таблицу состоящую из 5 строк и 5 столбцов, укажите таблице класс <span style=\"color: rgb(153, 51, 255);\">table</span></li><li>Первую строку оберните в тег thead и столбцы переделайте в заглавные столбцы (<span style=\"color: rgb(240, 102, 102);\">th</span>)</li><li>Последнюю строку оберните в тег <span style=\"color: rgb(153, 51, 255);\">tfoot</span></li><li>Оставшиеся строки оберните в тег <span style=\"color: rgb(153, 51, 255);\">tbody</span></li><li>Обозначьте столбцы первой строки заголовками, прописав текст (первый - №, второй - Имя, третий - E-mail, четвертый - Пол, пятый - Дата) в тегах th</li><li>Заполните строки, которые находятся в tbody любыми произвольными данными</li><li>В последней строке, которая находится в <span style=\"color: rgb(153, 51, 255);\">tfoot</span>, объедините все столбцы в один, используя соответствующий атрибут для td</li><li>В получившимся столбце напишите текст &quot;Всего: 3&quot;</li></ul><p><span style=\"color: rgb(230, 0, 0);\">Прислать в ответе весь получившийся код!</span></p>', 'NGInEUe'),
('HITpIp4', 'Комментарии в HTML', 'Как оставить послание читателю вашего кода', '<h2>Кратко</h2><p>Иногда нужно оставить скрытую заметку или пояснить что-то в коде человеческим языком. Такое примечание пригодится и себе в будущем, и следующим разработчикам, которые будут работать над вашим проектом. Именно для этого изначально были придуманы комментарии! Вся их прелесть в том, что пользователи их никогда не увидят. Это секретная почта для разработчиков</p><p>Для комментариев находится и более утилитарное применение: скрывать блоки кода со страницы, не удаляя их из файла.</p><p><strong>Пример</strong></p><pre data-language=\"plain\">\n&lt;!--  Привет!\n  Я комментарий в HTML-коде, меня не видно на странице --&gt;\n\n&lt;p&gt;Я — обычный текст. Меня видно на странице!&lt;/p&gt;\nСкопировать\n</pre><h2>Как пишется</h2><p>В <strong style=\"color: rgb(230, 0, 0);\">HTML </strong>возможен только один тип комментариев, в отличие от комментариев в CSS и JS.</p><p>Комментарий всегда должен начинаться с конструкции &lt;!--. Это называется «открыть комментарий». Дальше пишется текст. А после комментарий закрывается конструкцией --&gt;. Тем самым мы чётко показываем браузеру границы спрятанного послания. Профит! Ваш комментарий готов.</p><p>При помощи ровно тех же конструкций мы можем временно спрятать блок кода.</p><p></p><h3><span style=\"color: rgb(255, 255, 102);\">Подсказки</span></h3><ul><li>Содержимое комментария может быть любым, но спецификация перечисляет конкретные ситуации, в которых браузеру будет сложно понять: это содержимое комментария, или он закрывается?</li><li>Нельзя вкладывать один комментарий в другой. Да и зачем?</li><li>Комментарии не работают внутри тега &lt;title&gt;, но там вообще никакие теги не работают, так что неудивительно.</li><li>Чтобы быстро закомментировать или раскомментировать текущую строку или выделенный блок кода, в большинстве редакторов можно нажать Ctrl / или Cmd /.</li></ul>', '<p>Закомментируйте элементы <strong style=\"color: rgb(230, 0, 0);\">h1</strong><span style=\"color: rgb(230, 0, 0);\"> </span>и <strong style=\"color: rgb(230, 0, 0);\">p</strong>, но элемент <strong style=\"color: rgb(230, 0, 0);\">h2 </strong>оставьте не закомментированным.</p><p>Помните, что комментарий начинается с тега &lt;!-- и заканчивается тегом --&gt;.</p><p>В данном случае конец комментария должен располагаться до начала элемента <strong style=\"color: rgb(255, 153, 0);\">h2</strong>.</p><pre data-language=\"plain\">\n&lt;!--\n&lt;h1&gt;Hello World&lt;/h1&gt;\n\n&lt;h2&gt;CatPhotoApp&lt;/h2&gt;\n\n&lt;p&gt;Hello Paragraph&lt;/p&gt;\n--&gt;\n</pre>', 'NGInEUe'),
('Mv1O79w', 'Тег <head>', 'Какие настройки страницы скрываются в невидимой голове?', '<p>Элемент<strong style=\"color: rgb(230, 0, 0);\"> &lt;head&gt; </strong>содержит основную информацию о документе: метаданные (например, заголовок окна или кодировку), ссылки на скрипты и таблицы стилей.</p><p>Эта информация не отображается на странице браузера. Пользователи увидят только заголовок окна страницы — его задаёт тег <strong style=\"color: rgb(230, 0, 0);\">&lt;title&gt;</strong>, ну и фавиконку, если вы её поставите.</p><p></p><p><img src=\"https://doka.guide/html/head/images/1-1200w.webp\"></p><h2>Пример</h2><pre data-language=\"plain\">\n&lt;html&gt;\n  &lt;head&gt;\n    &lt;title&gt;Заголовок страницы&lt;/title&gt;\n  &lt;/head&gt;\n&lt;/html&gt;\n</pre><h2>Как пишется</h2><p>Кроме <span style=\"color: rgb(255, 153, 0);\">&lt;title&gt;</span>, внутри контейнера &lt;head&gt; можно разместить и другие элементы: <span style=\"color: rgb(255, 255, 0);\">&lt;base&gt;, &lt;link&gt;, &lt;meta&gt;, &lt;script&gt;, &lt;style&gt;.</span> Вот пример того, как можно поставить фавиконку — маленькую иконку в углу вкладки браузера.</p><pre data-language=\"plain\">\n&lt;head&gt;\n  &lt;link rel=&quot;shortcut icon&quot; type=&quot;image/png&quot; href=&quot;/favicon.png&quot;&gt;\n&lt;/head&gt;\n</pre>', '<p>Ответьте на следующий вопрос:</p><blockquote>Почему принято размещать <span style=\"color: rgb(255, 153, 0);\">&lt;link&gt;</span> со стилями внутри <span style=\"color: rgb(255, 255, 0);\">&lt;head&gt;,</span> а <span style=\"color: rgb(255, 153, 0);\">&lt;script&gt;</span> перед закрывающим тегом <span style=\"color: rgb(255, 255, 102);\">&lt;/body&gt;</span>? Когда можно нарушить это правило?</blockquote>', 'NGInEUe'),
('zetFZ1s', 'Тег <p>', 'Размечает абзац текста. Один из часто используемых тегов.', '<h2>Кратко</h2><p>Используйте тег <strong style=\"color: rgb(230, 0, 0);\">&lt;p&gt;</strong>, чтобы превратить текст в абзац.</p><p><strong>Пример</strong></p><pre data-language=\"plain\">\n&lt;p&gt;Это первый абзац текста.&lt;/p&gt;\n&lt;p&gt;А это уже второй.&lt;/p&gt;\n&lt;p&gt;И между ними небольшая пропасть.&lt;/p&gt;\n</pre><h2>Как понять</h2><p>Тег<span style=\"color: rgb(255, 153, 0);\"> &lt;p&gt;</span> создаёт блок: всё, что находится внутри него, начнётся с новой строки. Между блоками<span style=\"color: rgb(255, 153, 0);\"> &lt;p&gt;</span> появляется вертикальный отступ, величину которого можно задать с помощью стилей.</p><p>Внутри блока может находиться любой текстовый контент.</p><p>Как пишется</p><pre data-language=\"plain\">\n&lt;p&gt;Текст, хихик&lt;/p&gt;\n</pre><p><strong>Дефолтные стили абзаца:</strong></p><pre data-language=\"plain\">\np {\n  display: block;\n  margin-top: 1em;\n  margin-bottom: 1em;\n  margin-left: 0;\n  margin-right: 0;\n}\n</pre><p></p><p><strong>Подсказки</strong></p><ul><li>Атрибут align для тега &lt;p&gt; устарел и больше не используется.</li><li>Абзац может заканчиваться не только явно (закрывающим тегом &lt;/p&gt;), но и неявно — перед началом следующего блочного элемента. Поэтому нельзя просто взять и вложить в абзац список, таблицу, &lt;figure&gt;, другой абзац и подобные элементы: браузер неявно закроет абзац перед ними и сделает эти элементы не вложенными, а соседними.</li></ul>', '<p><strong>Создайте тег параграф с текстом:</strong></p><p><img src=\"data:image/png;base64,iVBORw0KGgoAAAANSUhEUgAAA5MAAAEqCAYAAACItQQdAAAAAXNSR0IArs4c6QAAAARnQU1BAACxjwv8YQUAAAAJcEhZcwAADsMAAA7DAcdvqGQAACGpSURBVHhe7d1/kFflfS/wD+1FEUyKE/UuF810/UHEakfMvVGMZsI6aiVDfyyFKDQmdI1tXIo1i5kq1DsxqInBeGNAepUNE+2ig2Vt9II1qZApBkJuw9po0fiDzQTp7gUT1gjuKknPPd/ds/DdZVn2YcEAvl4zhz0/nnPOc57v94/vm+c85wx54403sgAAAIAEv1X8BQAAgAETJgEAAEgmTAIAAJBMmAQAACCZMAkAAECyo/Jprm+99Va0t7fH22+/HVnmYbUAAMCRZciQIXHsscfGcccdF8OHDy/WHl6OujD5y1/+Mt5555046aST4vjjj+/8EAAAAI4kpU6xHTt2xLZt2+KYY46J97///cWWw8dRFSZLPZKlqbKyUogEAACOeKVQ2dzc3Nk7ebj1UB5VYyZLt7aWeiQFSQAA4GhQyjaljFPKOoeboypMlsZIlm5tBQAAOFqUMk4p6xxujqowWeoC1isJAAAcTUoZ53B8sKhXgwAAAJBMmAQAACCZMAkAAEAyYRIAAIBkhyZM/npXtGx6Lp77t/Wx/oelvy/Gz36+q9h4ZHn7/22MdRu/F9/78bpoem1bvP2fxQYAAID3sCFvvPHGwXss0I6fxeqlD8SyH7ZEX9Fx6PGnx4V/Oj2mjP9gDP/tfMVbr8Zj9aviv037bFzwga4yg7Fly5YYO3ZssTRIO5qi/slr48s7flms6HLssClx58fviEmjihUAAACH2AsvvBCjR48ulg4PBy1MvvVcQ9x23+p4fQAdkENPvSJu+NxZ8aO774vVP98VEz6/OKafXWwchIMWJtub4suNU6P+ndLCsXHSMafHSb/1drzW8Wp0Rsvf+njcMfGBmHJSaQEAAODQOhzD5EG5zfWtjQ3xt18vD5JDY/joc+OSSyfEhM7pgjj9+KHFtohdm5+K+bd8vTNIHn7ejqZ/+XxXkDxmSnztD56PtdO/Hd+++p/iR1OWxY0jjo34z+/FLd97NLZ17XAAno/6qVNj7pNbi+V3Q+9zvnt1eH7x1Jg656no/0xb4om6GVH/49J34uDVbeuTc2Pq1Pr8iIfGQI8/sDYYuEN9XQAAsD+DD5M/Xx1f/8bqeKNYHHrqhLjhK4vi3i/eEJ++enpM75w+Gzf/r0Xx5b+aEB/ckykPT/+5MZ5qfS2fOTb+7Lz/2fN21uPHxfWX/E2MK83v+E587/XOtRwEu364PB6J6viD3y99Qc6JmmXLYt6VJ3dtBAAADjuDDJO7YsM/LotXiw7GoWdOiVvnTo9z9zH+8cQzPxynH18sHK5+8Uq82vmQnfFx9n89tnNVD6N+L87vnPlevPqLzhkGbWus+vb6uOBPq+Jgd9yfMFIgBQCAQ2FwYybfWBPz674VL3YunB7Tv3JzTNjXg3TeejEavtj3ra2H1ZjJ1x+Nzz5xSx4VPx53THogppxYrN+tKb68ZGrU53M1H305/mZM19o0pds4b4vmGQu6et9+vTWeWXBn1P9wS+zsbp5hI6Pyw9dE3cyL4+TSw4pyW//l3rhz8TOxpaNrOYaOiHHX3hM3TxgZL31resxdUda2+bbRH6mJm3fv3+ucxfJLEybF6FdWxfrNO2NXDI0Rp14QNTfNiosrSvsU5/zW+tjyZvexh8bI0y+Ia27oLrMzmlc/FA89vCaebys7/+W3xrKPrI+p854qVpQpbbv2nGIh9+JDMePrETcv+FSMGURdd774SNz9jafiJ9uK7Sd9KCaNHxmPPD4ibl1WE51n/HlTPLSgPla9tLWrrfN2PuejNfGX114QJ+eh9qkv3hgPfmBW3H/DBTGi86Dr497r7o2tf3ZPnz2lpdtNZy45ISZN3hlrVjwfbaXPpnTMT8yOuk+OiRE/ru+nDU6Op+bMjPoTJkX1zjXxxL+3dT64aujIc2LSX0yKY/75wXjix13fiaHvGxOTbro5rjqrs1bFeSv3XBcAAEe1o27M5Fs/ea4IkvmP3fFXxMX9PJF116vr45k+x0j+TgwfXsy+R+360SOx6PsnxFX3Lotly4pp4TUx+of3Rv33d3YV6lgfjyx4Jk65dsmeMg1LYvbFIzs3j/mzhj3rS9OXJ0V8f1E80f0B7cNr71RGzV1LoqG0z8P3RPWwZ2LRk8VIvNI5//czccInF+457sP3xzUVecBa8kweI3Pbnon6Retj9A29zj8jjzi/X9M5f+vlebkza2JB97byIBltseofnojKqZOKILlv/dY1XorGrzZG/NE9XduXNcSSe+tizK6Xiu0lW+KJO+6M9WPqYklDUZcls/J2vjvufbot4rdPjiv+6pqo/OHfxUNNpavbGU0P/l2sP/2amNXvLbevxdD/fmvc/2DXMZfceH40L38w/77nmwbSBttHxiVz7y/qvSRm/d5PovErq+Lk6+/ZXc+bL94Sjfc9lV8BAAAcHgYVJod/5PpYvHhx57So5vzobzjk0HM/HYuKsj2nu+NPfrco9Bu27Ue18eHOXsmS78UtT5wZZy7pPXX1SpbUf/+c+KN/boq3i+UDtf3nW2NXjI7R5WH8fWPiQ3m7vPSzIj682db58JaRI7t6proN7W703kHs1DFxTqmf69fF8j5UjhkTI7r3zcNUZWUebl/Z0vWgmNI580OMrugKrJ1+e0SMGZMXeqW5K9h0foNGxIhhpb9l9hMMd3v5iXikeVJc9bGyc+xDv3WNd+KdN/eu68nly7E9tm7u1Yb5cU6pKLVzaZxs7qQrYvZfjIk1Cx6KZ/7lobj3mTHxuc9fEf1FydIYz3NOL2ZzI06pzD/Nl+K1gSa//EJG726vEfl15hd25jkx5n3FqtzJFaMjWrfnVwAAAIeHwT+A5yjy2uvf6Xr1x4C9HRu3v5K4T5qdHZ3vJ9mPXbHlO/fGjTXTY+rUqcV0W/Rxc+XB82Ye3kp/P3Bx1MwYE+vv2HPu6dfdFo+8WPSo9mtXrH/qn2LEH1Xtt1fyYHppycyydpoZ9S8XGwojPzYrZv3+mrh3wZoYN3NWFJ2/AABAGWHyaPDm+nhw8fr40MzyW01vjSuKzYfWiKi8clbcU7/n3PMmbO285bT8BtM+bfmneGTdBXHV5e/uvd9jZiwoa6diKr/t9Nc7Y2upSzYPu1t/MZBQDAAA7z2DCpM/+8e6uPbaa/eeahvixf5ur3x7Qzzwue7yedliNXsbOpAeu46dsTMqo/KUYvnd0M89zSNGjtzTc7lPu+L5JxsjqifHBb1vkf0Ne+nhufFQx1XxlTuvip3fujMaNxcbAACA3QYVJt/a0f12yXJD48SLPxwf7CcEvf7MU7G+eBbP0PFjo2y42XvSiBGlMXxt0fZm13KnN1+Kn/w04pzTK7uW3zcyTs4DXFtbz56yXaV2HDYiRkRz/OSVsm1bmvM1g9R53F7n/PXOeOml/MjnfCiPr1127X7Sa5edbW0Rp54cJxTLJ48eE9H6Wmwt/w+GtjXRuHpMTL70YPVKHhPHvC/i+RfKrjqv65aflg9cPCFOPjWied362FJW5V07t8TWvMqd8/9eH/MfHxFX/XV1VJ5eHbM/GfHIHfXxfPEE3bbVd8fMWTPjkcT/AemzDQAA4Ah20G9z/Z2P3xC3Xn1W7PMBrVtXxwP/8GqxMDyqPtb/g3veC0Z8tCbqLt0ZD9Z2j+PLp7+sj+aPzIqajxYPixl2QVz1FxfH1r+/rmy83/So/YeX8qB5QVzz6XPi+UUzutZPnxE3/p/mPF4N0vsujpobq2Jn+Tmvvi7qf3ZBzJpxcWfQLD1F9ZG//sye7Xmd7nzpnKi7adLud0ae/LFronr0M3Hn1V1lpi95Pl769kPRfPnkgzgecUxU31QdJzw9d3ddpl83N9a/0x15S0bHpFtujkkjVsXcz+yp73VfuDNWteabdz4fDy54KkZ8cnZU56Gzc48/nh1XDX8q7v375zufXvtOx/bY2ro1dg5kKGuZvtoAAACOZIN6z+SLf39tzO969OluQz9wSXzmC5+OC/p4Tcjr/9YQ9/3d6vhZd6/kR66Pu687f9/BM9Fg3zPZ9NSZMfU/ioWBOv6OWDtlSpxULAIAABxsh+N7Jg96mOwyNIaPPis+fNaJ8V9Ki++8Hi82vRgtO8ruLTxhQsz+4vQ46yC+Y1KYBAAAjkaHY5g8CLe5Do0TL70hvnzTFfHB3fer7oq3tjwXa55eHatL05rnegTJoadeETcf5CB5MJxy4uXx/mJ+YI6Ns084I3EfAACAI9+geiZf/+ED0fAfVfHZPz6961bVHT+LNcsb4tEfvBpv9XwmS5djPxiXXP2ZmDL+gzH8ELxXcLA9kwAAAIejo+4213369a54/T9ejZZfvBFvvT08hh8bMfzks+L0UYf2UTvCJAAAcDR674TJ3xBhEgAAOBodpWMmAQAAeK8RJgEAAEgmTAIAAJBMmAQAACDZURUmhwwZEll21DxPCAAAoDPjlLLO4eaoCpPHHnts7Nixo1gCAAA48pUyTinrHG6OqjB53HHHxbZt2/ROAgAAR4VStillnFLWOdwcVe+ZLPnlL38Z77zzTpx00klx/PHHH5bdwQAAAP0phchSj2QpSB5zzDHx/ve/v9hy+DjqwmTJW2+9Fe3t7fH222/rpQQAAI44pU6x0q2tpR7J4cOHF2sPL0dlmAQAAODQ8moQAAAAkgmTAAAAJBMmAQAASCZMAgAAkEyYBAAAIJkwCQAAQLIhmRcxAgAAkEjPJAAAAMmESQAAAJIJkwAAACQTJgEAAEgmTAIAAJBMmAQAACCZMAkAAEAyYRIAAIBkwiQAAADJhEkAAACSCZMAAAAkEyYBAABIJkwCAACQTJgEAAAgmTAJAABAMmESAACAZMIkAAAAyYRJAAAAkgmTAAAAJBMmAQAASCZMAgAAkEyYBAAAIJkwCQAAQDJhEgAAgGTCJAAAAMmESQAAAJIJkwAAACQTJgEAAEi2/zD5g9tjyJAh/U7XPtZWFB6AjlUxd1Tfx9k9fWldURgAAIDD0f7D5IVzIsuyaN/8dMy7sljXS/0Dy6O5mN+ftieXxsqKccVSmYppsbhpe+e5sr8dX6w8SHasi9urRsWoc6+Nxp8W68oV24ecuY/tAAAA9DDg21yHnVIVNTOmRcyoiZpi3W5PLozGZ4v5frXFqu9WRO31lcVymc/OjJrzRhYLB9nzq2Lu6tZofb4+Jt/WmNeip6ZFtZ3b45X6aFiX/wUAAKBfSWMmK049O6JyWky7uaJY060p5i9bFR3F0j69sjyWV06OquOL5XJDi7+HwnkTY8Gkos5L5sfC1XviZMcrS2P+15q6Fs6oiemX9L42AAAAejuAB/AcF1VTZ0fvG1Vb71waK18vFvah6bHGOP+ycfkR3mXDxkXt4y/EppWLo27GcbFq1tjd4zOPu2RetJ5bE3XffDpanlsc1acU+wAAALBPBxAmc+dVR+1e4yfro/6JfkZOdqyK5euqo/q8YvldNzIqr6yJ+XlofPq5lq6xmaWpZWM8/Z3FMX9GVVQMK4oCAADQrwMLk1EZkz+718jJWHlvYxQ3jO6lY83KaP3U5HxPAAAAjnQHGCYjRl45Leb0Hl747PxYvrqvkZNtsfKxYTHtygN/wE7bKytj4fWT49JzRxW3qJ4WF11+bdz+8Lpo7XOwZmssnVr2upFe0+SHW2Pdl/re1jmlvJ7k2btj+gPN0fH6C7Fyyey4dvxpxXHyOk6dGXc/9sJeD/0p1/Haulj61Zkx+fKL4rTu8595UUy+fmGsfKXvPfute5/T7dH7itLbdI/WhyeXHXtg0+0/KHYu96v8c3j49ri27NpHnXtp17W/2Me1v7Y0Jpcdc19T1zHujqU/aN3PWN62aH5yYcycemmc3f3KmrztL/3z2/e9b791mBxLXyvKFdr+dWFM72zjUXH2H872xGAAAI4OWYp187K4bW2xkGWb7p+YlQ7RY5qxPNtebN/t5cVZddl+LUur996vbHtP27O1d1RleW7Ny43P5qxsydpLq3e1ZCtuHt+1b0VVNuc7e501L7Mpa/hURc/zxLhszqo9ZTfet/c1TLxvY9c5BqrULlGRTbzj6axlV2lFe9ayck42vuyYFZ9qyDZ1Fi63PXv6b0vXVpFNu39Dtr2076583W3FdXVOlVnNsr33LJ2jr7rPW1ds7ta+Pdtw/7T8HPOyPS08iDYt0176XPs459rbetYpojpb3FxsLNfckNWc0VWm4lOLsw3bulZvf25xNq2ia33ljMXZxje71u+2/elsznnlx8+nKQ1ZS76pffumbO0367KqYv/SVDr2pr4+0O1rs3kTiu/HhXOyFZuLQi0rsjkXFvtOmJM9XdSrh+0rsrqyc3RO5+VlezdZ3kYTy8uUporabEVfxwQAgCPIoMJktm15VtP7h3JMzBa/XGwvbLhrYja/qVjIDTxMtufBpCxY9Q6q7Xmo2P2DfnweavZODHufqzpr2FxsLGman43rsb2PQLY/pXbJw0zPyNeePX1T+XEr8hBbXr/2bMMd3deWB9w1Zds2N3SGtD375uGjr1zXGWLLy+2r7puyxZd1h8nBt+keLVnDlAGEySLo9ZAHye7AWLr+8u9HyaZv7gnKewfxrvPuPn5p6nWO7Y01PbZXL+1VgzfzIFkExtJU09izgdtXzSnCdj5dmLdd70A7gDp0lekK0r3rk/wdAwCAw8wB3+ba6cSJfbwmZGUsfKxs5ORgHrzz7MKou3XPzZlV48dFjxtlh50d519WzMe6mPu5u2Pdfm7P7K35ubX7HOc5YL9qj9pPTew1HnRYnD0uj4S7tUbbjrLKta2K+lu6r60pbv+r/uq+MJpeLGYPSGWcf2XxdKF3oU33ry1W3lUXS3e/0rMqxp1VzBYqz70our9ZrQ9Nj9kPp73/c+Sonp/G2p+2FHNdmh6oi7m7b7utivHn9rwFe9jY8/O1hR/Mjdp71u3/1Te9dHx3fiy/bH7U/G7v+oyLYR72BADAEW5wYTIPTH29JqTpa8tjVfHLu2Pdqmg7oAfvdMSqZfN7jPMbeXzvl4pUxKgzi9mSZ+dGw3f7G53Yy+sr4+77mveqf6rWzREX9QojpfpvbGos5nMVtTFxfD9jRp/dGC0JVU817sa6GP9utOlAvLI8Fi4qD4cnxHG9w1VFZVxUzJY03tWQFPpbmzcUcyXjYuaEscV8rvQfHHf1aIU+zj8qzi5mS5pubYhVSc3QHA2LImqvLr75pXedTinNV8bEuxZG7W/sqcYAAHBwDDJM5vp6TUjr7bH0ydIv77ZY+VBbTJzQT4jap6ZYdWfP3qjzK3v3gu5t4f99oZjbn45Yt2hhVN4ye9BPmK24el5M+91ioeRXHdH85LyY+9Wuxcor62L5ugUx8cSu5U4jJ0bd43Ux8Yx8vmJs1HxzbkwsXV5Ha6x6dEUeRQ6FQ92mA9O8bmWsLOY75SFrv5/Bs2vjhQE8uKaj9YVYtWRmVE8rgvwZeTs3Lo85F5alxX9dFbf3aIbzo3K/7xddGGufL2b3o6OtOVZ+6fbo+MLcqDq+WFl61+myTZFlm2LFTeNDxyQAAEe6wYfJPAb09ZqQ+geWR/Mry6OhojqqDiRLvtYcBxRhXmyOAd0Q+ezCmLdrbtQOtluytx/cHkOGHhenTSw9PXVsTLx5cSz+2tyoLg+bhcpJ82PFy13vulz8J5EHkMlx2oQFEZd8YtABt0+Huk0HqPWnZT22A9YYzf1V4tHpMWrIkDhu1Nlx6Z8v7Op9vbAmFnxtXsy+smdrtm4+sHD8wub9tEJ3HU44LT5xa33MHD82Lv38ykP0HwMAAPCbdRDCZPT9mpDS6xZmNcZFU6sOw16Y1lj6teaonXUIeogunBNZ+/bYsLQ2xufRbeWd18alY0+IUVVzY9XrRZlyv2qNVV/NQ+QJZ8fkxrGx+Ml5UbX/zsLDSPUAevXeBVMaoqX0QKm87Tc1LY95k/JG/EEe6P7w/Bh13Gkx+RtNyWMek+V12Pidut1jPUvfs1X3fCKmfyl9vCUAABzuDkqYjGFVMfnze42cjJV50DigB++UnFIZZaPcBu6syrIf831reXReLL+krudtpwfTsJEx7uoFUX/f7ke4ROvq2+PS65f27OH76cqYffm4uPQLjdGc17rurrkH1os7UIewTVNU/G75g4kGKg+tA6lE3vaV51XHnGWNMW/3d685GmdNjNlPdA16rDj1gFohxp66/wqccNm8aLipZ7l1t1bvPjcAABwtDk6YzI37k9qYWMx3mzilahC3a46Niz5XzBbaf1XM7NYaLS8Xs4Xa/7G/oNAYs5dVxtzPHpIbSXsYO25PmOz06IpY250mO5ri9qs/EXev7l5RE5MvO9R9uINp045o+sbkOG3IkDjtzxt7huJEpSe19vivh7wO7cXsbq3NsbaY7XTeRTG2j1uF92nY+KiaVMx3ao2FT66Nzkh3zkVR27mu215nz4u3xMZitkttXHROMduvYVF1a0PU9ciT+bmvmxsr++qZBgCAI9RBC5NxxuSomVHMd6qJmkmDCWwjo+qaeT1Cx95j1tqjY0cxW1IxJ6ov21/XXkXU3VY76Ce4HpiO6CjCW9t368teTVHS+6mqh8Ig2vSVhpg7q9SDGtG8ZF40PFva2BLNa0bFyO6HzAzUedNj9pRivuSxPsZkdrT3WDdxVnXiZ9YW23uHtx15+5f+jqyK6bf1aIVofq2Y7dZRlC1U3Jww9vf4qph7f23P3tzWhVFz68quMAsAAEeBpDDZ1pJHiZbt+/hBPDKqZ83f/YO/4uZp+7yNtH1HH0fYVfwtM+zCulh42/hiKaKxaWPPsWcdzbHhsWI+xse8x+ZG1X479y6K88eWFXo9D0TF7AH51bq4+9ZVfbZJ05rlxVxhyuSoKsYXduzo+d7DiOWxYnXpKG3R9GhDz165XPNBem/IAbfp661lT2BtKmWt0hciWs4dF2N7h6w+PsueKmLaXQ0xbXfaWhUbXylmC80v7Hl1R8WnGmLBjMT/mPjpyqhfVMwXJk4YVwS8YTH+xoUx78LOhVxjbHihRytEx8sb8rWFC+dF4y1pY39HTpoX9Z/rebtr66KaqH10MH26AABwGMkGpD3b3rQ4y3/8Z3nAyGqXbsi2txebetiULb6yVGZcNr+pWNVL++YV2ZwLS2V6TRXTssVN24tS5TZlK26syvKf5Xm5/NyNm/La5NpbshU3jy/2rcrqHt/UWbqn7dmKmyp6niefqr/ZXXZ7tva24hhl08T7NhbbB6i5IaudMT97urlolF3bsw1La7M8su057oW12Yrmrs2dmub33F5MFRPqsobnVmTzOtu651Q5Y3neGt3as433TdyrzPjbns627yqK7NMBtGn709mcsjrVPr492/TgtM6/5do3L89q96p7dba4/NoL7U0LsuozuspUTJqfrd3WtX7Pdy2/5ikLsg1vdq3fbVtel/PKj59Ply3INnZed+m7mn8ePb5jFVnVjSvK2q7QvCKrm1B8P/LPZ/nLXZ9f+Xe09Hn0+Ny6bcv37X2dFXnZ4ho65WX2bovx2ZyVLV3tDQAAR7D9h8l183r9GC6bbltbFNpje2NNFufNzzYUy91allb3fYy+pr6O+/KKbMHnqrOqc7rDYUU2dkJ1VntvHhL6yqBZS9Ywpddxy6bqpS15kOx7W+fURx36tSs/3tJ5Wc1l47PK7mNUjM2qptRm85euzVr6CHibHq/LJnZeT34tk/JyjRvzeNulFLRqLqzsOs4ZE7Pab+YBvthW0m/dY142kNqntmn7Cw1Z3ZVddaq8sjZbsKZnof19xvPWFQXL9dVuZ4zPqmbMyxrWtRSFymxuyKrLjrnPqdT2l+XXcldDtnZzf9EtD8UrF2S1U6qysd3Br/jcFqzc1KPNd+u3DtVZw+aiXG7747VFaO85lb5/AABwJBtS+if/cQsAAAADdvAewAMAAMB7hjAJAABAMmESAACAZMIkAAAAyYRJAAAAkgmTAAAAJBMmAQAASCZMAgAAkEyYBAAAIJkwCQAAQDJhEgAAgGTCJAAAAMmESQAAAJIJkwAAACQTJgEAAEgmTAIAAJBMmAQAACCZMAkAAEAyYRIAAIBkwiQAAADJhEkAAACSCZMAAAAkEyYBAABIJkwCAACQTJgEAAAgmTAJAABAMmESAACAZMIkAAAAyYRJAAAAkgmTAAAAJBMmAQAASCZMAgAAkEyYBAAAIJkwCQAAQDJhEgAAgGTCJAAAAMmESQAAAJIJkwAAACQTJgEAAEgmTAIAAJBMmAQAACCZMAkAAEAyYRIAAIBkwiQAAADJhEkAAACSCZMAAAAkEyYBAABIJkwCAACQTJgEAAAgmTAJAABAMmESAACAZMIkAAAAyYRJAAAAkgmTAAAAJBMmAQAASCZMAgAAkEyYBAAAIJkwCQAAQDJhEgAAgGTCJAAAAMmESQAAAJIJkwAAACQTJgEAAEgmTAIAAJBMmAQAACCZMAkAAEAyYRIAAIBkwiQAAADJhEkAAACSCZMAAAAkEyYBAABIJkwCAACQTJgEAAAgmTAJAABAMmESAACAZMIkAAAAyYRJAAAAkgmTAAAAJBMmAQAASCZMAgAAkEyYBAAAIJkwCQAAQDJhEgAAgGTCJAAAAMmESQAAAJIJkwAAACQTJgEAAEgmTAIAAJBMmAQAACCZMAkAAEAyYRIAAIBkwiQAAADJhEkAAACSCZMAAAAkEyYBAABIJkwCAACQTJgEAAAgmTAJAABAMmESAACAZMIkAAAAyYRJAAAAkgmTAAAAJBMmAQAASCZMAgAAkEyYBAAAIJkwCQAAQDJhEgAAgGTCJAAAAMmESQAAAJIJkwAAACQTJgEAAEgmTAIAAJBMmAQAACCZMAkAAEAyYRIAAIBkwiQAAADJhEkAAACSCZMAAAAkEyYBAABIJkwCAACQTJgEAAAgmTAJAABAMmESAACAZMIkAAAAyYRJAAAAkgmTAAAAJBMmAQAASCZMAgAAkEyYBAAAIJkwCQAAQDJhEgAAgGTCJAAAAMmESQAAAJIJkwAAACQTJgEAAEgmTAIAAJBMmAQAACCZMAkAAEAyYRIAAIBkwiQAAADJhEkAAACSCZMAAAAkEyYBAABIJkwCAACQTJgEAAAgmTAJAABAMmESAACAZMIkAAAAyYRJAAAAkgmTAAAAJBMmAQAASCZMAgAAkEyYBAAAIJkwCQAAQDJhEgAAgGTCJAAAAMmESQAAAJIJkwAAACQTJgEAAEgmTAIAAJBMmAQAACCZMAkAAEAyYRIAAIBkwiQAAADJhEkAAACSCZMAAAAkEyYBAABIJkwCAACQTJgEAAAgmTAJAABAMmESAACAZMIkAAAAyYRJAAAAkgmTAAAAJBMmAQAASCZMAgAAkEyYBAAAIJkwCQAAQDJhEgAAgGTCJAAAAMmESQAAAJIJkwAAACQTJgEAAEgmTAIAAJBMmAQAACCZMAkAAEAyYRIAAIBkwiQAAADJhEkAAACSCZMAAAAkEyYBAABIJkwCAACQTJgEAAAgmTAJAABAMmESAACARBH/Hw/52AlznfioAAAAAElFTkSuQmCC\"></p>', 'NGInEUe');

-- --------------------------------------------------------

--
-- Структура таблицы `Users`
--

CREATE TABLE `Users` (
  `user_id` char(7) CHARACTER SET cp1251 COLLATE cp1251_general_ci NOT NULL,
  `name` varchar(20) NOT NULL,
  `surname` varchar(20) NOT NULL,
  `middle_name` varchar(20) NOT NULL,
  `email` varchar(255) NOT NULL,
  `password` varchar(60) NOT NULL,
  `role` char(7) CHARACTER SET cp1251 COLLATE cp1251_general_ci NOT NULL
) ENGINE=InnoDB DEFAULT CHARSET=cp1251;

--
-- Дамп данных таблицы `Users`
--

INSERT INTO `Users` (`user_id`, `name`, `surname`, `middle_name`, `email`, `password`, `role`) VALUES
('5MZvBBE', 'Григорий', 'Лебедев', 'Александрович', 'grigoriy@mail.ru', '$2b$07$KEWAd9j1IQzCLMvfKgifqO2KMsOAqaJkFblk5Og5AO1t2ppVvQJT.', 'KhJEgjk'),
('DG7dyOy', 'Виктория', 'Субботина', 'Михайловна', 'vik@mail.ru', '$2b$07$VBE.eCkEYi/sK32t3IBXmOuSZXgtpiUg2B5YHL4lYX8M3Jh.I7.tm', 'WnzmzM6'),
('EaGt80u', 'Джон', 'Бейкер', 'Баррера', 'john@gmail.com', '$2b$07$pzzBeaE1AU3OVuKJd5AGa.8.xakcNX3fIOF.v1Uyl4WrRglvsoqcu', 'KhJEgjk'),
('Gn9Azzd', 'Кристина', 'Ляшина', 'Сергеевна', 'kris@mail.ru', '$2b$07$W.pDUs9N/pSq4hj1LH66D.6LRMPEvjtF6iVQsK1YCE4Gvv72xX8kS', 'KhJEgjk'),
('M9dVtd1', 'Дарья', 'Макарова', 'Васильевна', 'dasha@list.ru', '$2b$07$Bp0YXGa3JHsaFv68U1ghR.cvhY3AF54a9XB7P/f3Qnf3bgKFfH10.', 'KhJEgjk'),
('MArOyEO', 'Иван', 'Насибулин', 'Михайлович', 'ivan@yandex.ru', '$2b$07$GajCcJPuzKmmZE.SPVyKZeGKg6vsaC/8PkifLNtKAUksWDlCiGXPq', 'KhJEgjk'),
('nbWW0d2', 'Евгений', 'Кузнецов', 'Николаевич', 'zhenya@gmail.com', '$2b$07$aF0mm4catqBQfJsGXCFVXOlzb8HI0FTf/Yjmoc5Dw9tmf.8gDeXy.', 'WnzmzM6'),
('NGInEUe', 'Малик', 'Никаев', 'Магамедович', 'madmalik@inbox.ru', '$2b$07$oUWG3IiYr6.5qhfwyMpz6.Ph9gZN2Id66gk179DGcZUEh2XyFRkfK', 'WnzmzM6'),
('niC9azj', 'Админ', 'Админ', 'Админ', 'admin', '$2b$07$MBjVI8xdj2OQsZ6.JVo/duYaaSO0sKqRFaZnjabozfGH.p73U7l3G', 'pfCv5LG'),
('rOMxG5b', 'Мария', 'Сутулина', 'Олеговна', 'maria@yahoo.com', '$2b$07$69Bm41jTyxil/S1bvTXP2elApS51hU1KyTieSMVpQthQpIG6zxzHa', 'KhJEgjk'),
('y6udlWM', 'Егор', 'Малышенко', 'Романович', 'egor@mail.ru', '$2b$07$ThG6fC38oH3AZIE7YKFYS.u0TTtkQiIJ2k.AlLFRNlrH1YTr2tNdK', 'KhJEgjk'),
('z66fEvu', 'Расим', 'Алиев', 'Рауфович', 'rasim@gmail.com', '$2b$07$SxVbuWdL.8jKnGYtWHFUYey.mDSb4S4mBPmIoagWpr310OhJjLinu', 'KhJEgjk');

--
-- Индексы сохранённых таблиц
--

--
-- Индексы таблицы `Roles`
--
ALTER TABLE `Roles`
  ADD PRIMARY KEY (`role_id`);

--
-- Индексы таблицы `Statistic`
--
ALTER TABLE `Statistic`
  ADD PRIMARY KEY (`statistic_id`),
  ADD KEY `Statistic_fk0` (`user`),
  ADD KEY `Statistic_fk1` (`theme`),
  ADD KEY `author` (`author`);

--
-- Индексы таблицы `Themes`
--
ALTER TABLE `Themes`
  ADD PRIMARY KEY (`theme_id`),
  ADD UNIQUE KEY `title` (`title`),
  ADD KEY `Themes_fk0` (`author`);

--
-- Индексы таблицы `Users`
--
ALTER TABLE `Users`
  ADD PRIMARY KEY (`user_id`),
  ADD UNIQUE KEY `email` (`email`),
  ADD KEY `role` (`role`);

--
-- Ограничения внешнего ключа сохраненных таблиц
--

--
-- Ограничения внешнего ключа таблицы `Statistic`
--
ALTER TABLE `Statistic`
  ADD CONSTRAINT `statistic_ibfk_1` FOREIGN KEY (`user`) REFERENCES `Users` (`user_id`) ON DELETE CASCADE ON UPDATE CASCADE,
  ADD CONSTRAINT `statistic_ibfk_2` FOREIGN KEY (`theme`) REFERENCES `Themes` (`theme_id`) ON DELETE CASCADE ON UPDATE CASCADE,
  ADD CONSTRAINT `statistic_ibfk_3` FOREIGN KEY (`author`) REFERENCES `Users` (`user_id`) ON DELETE CASCADE ON UPDATE CASCADE;

--
-- Ограничения внешнего ключа таблицы `Themes`
--
ALTER TABLE `Themes`
  ADD CONSTRAINT `themes_ibfk_1` FOREIGN KEY (`author`) REFERENCES `Users` (`user_id`) ON DELETE CASCADE ON UPDATE CASCADE;

--
-- Ограничения внешнего ключа таблицы `Users`
--
ALTER TABLE `Users`
  ADD CONSTRAINT `users_ibfk_1` FOREIGN KEY (`role`) REFERENCES `Roles` (`role_id`) ON DELETE CASCADE ON UPDATE CASCADE;
COMMIT;

/*!40101 SET CHARACTER_SET_CLIENT=@OLD_CHARACTER_SET_CLIENT */;
/*!40101 SET CHARACTER_SET_RESULTS=@OLD_CHARACTER_SET_RESULTS */;
/*!40101 SET COLLATION_CONNECTION=@OLD_COLLATION_CONNECTION */;
